TaskID,TotalTrainingProblems,TotalTestingProblems,TotalMetaActions,TotalValidMetaActions,TotalReplacementMacros,TimedOut
zenotravel,19,1,149,0,0,False
miconic,19,90,53,3,12,False
childsnack,19,90,153,0,0,False
blocksworld,19,90,59,4,2,False
floortile,19,90,139,2,6,False
transport,19,90,128,7,18,False
spanner,15,90,100,9,20,False
sokoban,19,90,12611,93,0,True
depot,19,3,164,95,0,True
mystery,19,11,222,100,0,True
ferry,19,90,64,15,20,True
mprime,19,16,192,111,0,True
freecell,19,60,533,110,0,True
gripper,19,1,452,110,0,True
logistics98,19,16,152,111,0,True
satellite,19,90,93,16,216,True
driverlog,19,1,104,75,325,True
rovers,19,90,141,12,663,True
