TaskID,TotalTrainingProblems,TotalTestingProblems,TotalMacros,TotalMetaActions,TotalValidMetaActions,TotalReplacementMacros,TimedOut
blocksworld,16,173,0,17,0,0,False
spanner,16,163,0,35,0,0,False
mystery,16,14,0,17,0,0,False
satellite,16,173,0,15,0,0,True
sokoban,16,173,0,10,0,0,True
transport,16,173,0,15,0,0,True
mprime,16,19,0,24,0,0,True
ferry,16,173,0,13,0,0,True
floortile,16,171,0,27,0,0,True
rovers,16,173,0,29,0,0,True
freecell,16,64,0,94,0,0,True
zenotravel,16,4,0,15,0,0,True
miconic,16,173,0,8,0,0,True
depot,16,6,0,69,0,0,True
driverlog,16,4,0,20,0,0,True
gripper,16,4,0,11,0,0,True
logistics98,16,19,0,14,0,0,True
childsnack,16,172,0,30,0,0,True
