TaskID,TotalTrainingProblems,TotalTestingProblems,TotalMetaActions,TotalValidMetaActions,TotalReplacementMacros,TimedOut
mystery,10,20,0,0,0,False
childsnack,10,178,0,0,0,False
floortile,10,177,0,0,0,False
depot,10,12,0,0,0,False
freecell,10,70,0,0,0,False
zenotravel,10,10,15,0,0,False
spanner,10,169,6,1,1,False
blocksworld,10,179,7,1,0,False
mprime,10,25,29,0,0,True
driverlog,10,10,27,1,0,True
sokoban,10,179,8,0,0,True
transport,10,179,29,1,1,True
ferry,10,179,4,1,3,True
gripper,10,10,32,1,4,True
miconic,10,179,19,2,4,True
satellite,10,179,19,3,7,True
rovers,10,179,38,2,51,True
logistics98,10,25,6,0,0,True
