TaskID,TotalTrainingProblems,TotalTestingProblems,TotalMetaActions,TotalValidMetaActions,TotalReplacementMacros,TimedOut
depot,10,12,0,0,0,False
mystery,10,20,0,0,0,False
freecell,10,70,0,0,0,False
floortile,10,177,0,0,0,False
childsnack,10,178,0,0,0,False
zenotravel,10,10,15,0,0,False
spanner,10,169,6,1,1,False
blocksworld,10,179,7,0,0,True
satellite,10,179,19,0,0,True
driverlog,10,10,27,0,0,True
gripper,10,10,32,0,0,True
logistics98,10,25,6,0,0,True
mprime,10,25,29,0,0,True
transport,10,179,29,0,0,True
rovers,10,179,38,0,0,True
sokoban,10,179,8,0,0,True
ferry,10,179,4,0,0,True
miconic,10,179,19,0,0,True
