TaskID,TotalTrainingProblems,TotalTestingProblems,TotalMacros,TotalMetaActions,TotalValidMetaActions,TotalReplacementMacros,TimedOut
logistics98,16,19,0,0,0,0,False
childsnack,16,172,0,0,0,0,False
depot,16,6,0,0,0,0,False
mprime,16,19,0,0,0,0,False
floortile,16,171,0,0,0,0,False
mystery,16,14,0,0,0,0,False
freecell,16,64,0,0,0,0,False
spanner,16,163,1,5,1,1,False
blocksworld,16,173,3,7,0,0,False
sokoban,16,173,1,8,0,0,False
transport,16,173,3,30,0,0,True
rovers,16,173,5,51,0,0,True
ferry,16,173,1,4,0,0,True
gripper,16,4,4,32,0,0,True
satellite,16,173,3,17,0,0,True
miconic,16,173,3,17,1,0,True
zenotravel,16,4,2,15,0,0,True
driverlog,16,4,2,13,0,0,True
