TaskID,TotalTrainingProblems,TotalTestingProblems,TotalMetaActions,TotalValidMetaActions,TotalReplacementMacros,TimedOut
zenotravel,19,1,149,0,0,False
miconic,19,90,53,3,12,False
childsnack,19,90,153,0,0,False
blocksworld,19,90,59,0,0,False
floortile,19,90,139,0,0,False
spanner,15,90,100,9,20,False
depot,19,3,164,0,0,True
mprime,19,16,192,0,0,True
driverlog,19,1,104,0,0,True
gripper,19,1,452,0,0,True
mystery,19,11,222,0,0,True
sokoban,19,90,12611,0,0,True
transport,19,90,128,0,0,True
freecell,19,60,533,0,0,True
logistics98,19,16,152,0,0,True
ferry,19,90,64,11,14,True
satellite,19,90,93,9,201,True
rovers,19,90,141,8,469,True
