TaskID,TotalTrainingProblems,TotalTestingProblems,TotalMetaActions,TotalValidMetaActions,TotalReplacementMacros,TimedOut
mprime,19,16,0,0,0,True
freecell,19,60,0,0,0,True
mystery,19,11,0,0,0,True
childsnack,19,90,0,0,0,True
zenotravel,19,1,15,0,0,False
spanner,15,90,5,1,1,False
gripper,19,1,32,3,3,True
logistics98,19,16,6,6,0,False
blocksworld,19,90,7,1,0,False
miconic,19,90,15,3,5,False
sokoban,19,90,17,9,1,False
floortile,19,90,32,4,6,False
ferry,19,90,9,3,5,False
transport,19,90,19,3,9,False
driverlog,19,1,20,12,69,False
satellite,19,90,11,7,54,False
depot,19,3,34,34,0,False
rovers,19,90,31,9,72,False
