TaskID,TotalTrainingProblems,TotalTestingProblems,TotalMetaActions,TotalValidMetaActions,TotalReplacementMacros,TimedOut
zenotravel,19,1,19,0,0,False
spanner,15,90,35,0,0,False
gripper,19,1,11,7,0,False
miconic,19,90,8,2,4,False
sokoban,19,90,10,10,1,False
logistics98,19,16,14,14,0,False
blocksworld,19,90,17,3,3,False
floortile,19,90,27,2,4,False
mystery,19,11,17,17,0,False
driverlog,19,1,20,17,20,False
transport,19,90,15,2,6,False
childsnack,19,90,30,1,1,False
ferry,19,90,13,3,5,False
mprime,19,16,24,24,0,False
rovers,19,90,29,3,16,False
satellite,19,90,15,11,99,False
depot,19,3,69,69,0,False
freecell,19,60,94,94,0,False
