TaskID,TotalTrainingProblems,TotalTestingProblems,TotalMetaActions,TotalValidMetaActions,TotalReplacementMacros,TimedOut
zenotravel,19,1,11,0,0,False
spanner,15,90,8,0,0,False
gripper,19,1,6,6,0,False
mystery,19,11,8,8,0,False
sokoban,19,90,5,5,1,False
blocksworld,19,90,8,1,1,False
logistics98,19,16,10,10,0,False
mprime,19,16,11,11,0,False
floortile,19,90,15,2,4,False
miconic,19,90,6,2,4,False
driverlog,19,1,12,11,3,False
transport,19,90,7,2,6,False
childsnack,19,90,15,1,1,False
depot,19,3,17,17,0,False
ferry,19,90,7,3,5,False
rovers,19,90,17,3,16,False
satellite,19,90,9,6,22,False
freecell,19,60,33,33,0,False
