TaskID,TotalTrainingProblems,TotalTestingProblems,TotalMetaActions,TotalValidMetaActions,TotalReplacementMacros,TimedOut
mystery,19,11,0,0,0,True
freecell,19,60,0,0,0,True
childsnack,19,90,0,0,0,True
mprime,19,16,0,0,0,True
zenotravel,19,1,15,0,0,False
spanner,15,90,5,1,1,False
miconic,19,90,15,3,5,False
ferry,19,90,9,3,5,False
satellite,19,90,11,7,54,False
rovers,19,90,31,9,72,False
blocksworld,19,90,7,0,0,False
floortile,19,90,32,1,1,True
transport,19,90,19,0,0,True
driverlog,19,1,20,0,0,True
logistics98,19,16,6,0,0,True
sokoban,19,90,17,0,0,True
depot,19,3,34,0,0,True
gripper,19,1,32,0,0,True
