TaskID,TotalTrainingProblems,TotalTestingProblems,TotalMetaActions,TotalValidMetaActions,TotalReplacementMacros,TimedOut
zenotravel,19,1,4,0,0,False
transport,19,90,4,0,0,False
miconic,19,90,6,0,0,False
ferry,19,90,6,0,0,False
spanner,15,90,8,0,0,False
blocksworld,19,90,4,0,0,False
childsnack,19,90,14,0,0,False
logistics98,19,16,2,2,0,False
floortile,19,90,6,1,1,False
sokoban,19,90,4,1,0,False
driverlog,19,1,6,2,0,False
gripper,19,1,6,1,1,False
satellite,19,90,6,2,10,False
rovers,19,90,18,2,14,False
mprime,19,16,6,6,0,False
mystery,19,11,6,6,0,False
depot,19,3,10,6,0,False
freecell,19,60,12,12,0,False
