TaskID,TotalTrainingProblems,TotalTestingProblems,TotalMetaActions,TotalValidMetaActions,TotalReplacementMacros,TimedOut
zenotravel,19,1,19,0,0,False
spanner,15,90,35,0,0,False
miconic,19,90,8,2,4,False
blocksworld,19,90,17,0,0,False
childsnack,19,90,30,1,1,False
ferry,19,90,13,3,5,False
rovers,19,90,29,3,16,False
satellite,19,90,15,11,99,False
mystery,19,11,17,0,0,False
transport,19,90,15,0,0,True
gripper,19,1,11,0,0,True
sokoban,19,90,10,0,0,True
depot,19,3,69,0,0,True
freecell,19,60,94,0,0,True
logistics98,19,16,14,0,0,True
floortile,19,90,27,1,5,True
driverlog,19,1,20,0,0,True
mprime,19,16,24,0,0,True
