TaskID,TotalTrainingProblems,TotalTestingProblems,TotalMacros,TotalMetaActions,TotalValidMetaActions,TotalReplacementMacros,TimedOut
logistics98,16,19,0,0,0,0,False
mprime,16,19,0,0,0,0,False
floortile,16,171,0,0,0,0,False
childsnack,16,172,0,0,0,0,False
mystery,16,14,0,0,0,0,False
depot,16,6,0,0,0,0,False
freecell,16,64,0,0,0,0,False
spanner,16,163,1,5,1,1,False
blocksworld,16,173,3,7,1,0,False
ferry,16,173,1,4,2,3,False
miconic,16,173,3,17,3,3,False
sokoban,16,173,1,8,0,0,False
gripper,16,4,4,32,6,23,False
driverlog,16,4,2,13,5,27,False
zenotravel,16,4,2,15,8,42,False
transport,16,173,3,30,7,8,True
satellite,16,173,3,17,8,57,True
rovers,16,173,5,51,8,105,True
