TaskID,TotalTrainingProblems,TotalTestingProblems,TotalMetaActions,TotalValidMetaActions,TotalReplacementMacros,TimedOut
mystery,10,20,0,0,0,False
depot,10,12,0,0,0,False
childsnack,10,178,0,0,0,False
floortile,10,177,0,0,0,False
freecell,10,70,0,0,0,False
zenotravel,10,10,15,0,0,False
spanner,10,169,6,1,1,False
ferry,10,179,4,0,0,False
miconic,10,179,19,5,8,False
blocksworld,10,179,7,1,0,False
sokoban,10,179,8,0,0,False
satellite,10,179,19,14,53,False
mprime,10,25,29,0,0,True
driverlog,10,10,27,3,2,True
gripper,10,10,32,2,4,True
transport,10,179,29,4,8,True
rovers,10,179,38,8,129,True
logistics98,10,25,6,0,0,True
