TaskID,TotalTrainingProblems,TotalTestingProblems,TotalMetaActions,TotalValidMetaActions,TotalReplacementMacros,TimedOut
zenotravel,19,1,149,0,0,False
miconic,19,90,53,3,12,False
childsnack,19,90,153,0,0,False
blocksworld,19,90,59,0,0,False
floortile,19,90,139,0,0,False
spanner,15,90,100,9,20,False
transport,19,90,128,7,56,False
freecell,19,60,533,13,0,True
sokoban,19,90,12611,19,0,True
mystery,19,11,222,21,0,True
depot,19,3,164,19,0,True
gripper,19,1,452,23,0,True
ferry,19,90,64,12,17,True
mprime,19,16,192,23,0,True
logistics98,19,16,152,23,0,True
satellite,19,90,93,12,204,True
rovers,19,90,141,9,486,True
driverlog,19,1,104,8,281,True
